citado,real,motivo
co:cc:c-099:2012,co:cc:c-099:2013,"la fuente cita C-099-12 con fecha 27-feb-2013; el índice de la Corte no tiene C-099/12 y C-099/13 es del 2013-02-27"
co:cc:c-120:2019,co:cc:c-120:2020,"la fuente cita C-120-19 con fecha 15-abr-2020; el índice de la Corte tiene C-120/20 del 2020-04-15"
co:cc:c-122:2007,co:cc:c-122:2008,"la fuente cita C-122-07 con fecha 13-feb-2008; el índice de la Corte tiene C-122/08 del 2008-02-13"
co:cc:c-194:2012,co:cc:c-194:2013,"la fuente cita C-194-12 con fecha 10-abr-2013; el índice de la Corte tiene C-194/13 del 2013-04-10"
co:cc:c-196:2025,co:cc:c-196:2026,"la fuente cita C-196-25 con fecha 24-jun-2026; el índice de la Corte tiene C-196/26 del 2026-06-24"
co:cc:c-509:2007,co:cc:c-509:2008,"la fuente cita C-509-07 con fecha 21-may-2008 y ponente M. González Cuervo (Ley 141/1994); el índice de la Corte tiene C-509/08 del 2008-05-21, mismo ponente, cuya resolutiva declara exequibles los arts. 30 a 39 de la Ley 141/1994"
co:cc:c-1058:2000,co:cc:c-1508:2000,"error de NÚMERO, no de año: la fuente cita C-1058-00 con fecha 8-nov-2000 y ponente J. Charry Rivas (Decreto 960/1970 art. 10); el índice no tiene C-1058/00 y sí C-1508/00 del 2000-11-08, mismo ponente, cuya resolutiva declara exequible el art. 10 del Decreto-ley 960/1970"
co:cc:c-114:2009,co:cc:c-144:2009,"error de NÚMERO, no de año: la fuente cita C-114-09 con fecha 4-mar-2009 y ponente M. González Cuervo (Ley 769/2002 arts. 114 y 120); el índice no tiene C-114/09 y sí C-144/09 del 2009-03-04, mismo ponente, cuya resolutiva declara exequible «podrán» del art. 114 inc. 2 y el art. 120 de la Ley 769/2002"
co:cc:c-682:2012,co:cc:c-862:2012,"error de NÚMERO, no de año: la fuente cita C-682-12 con fecha 25-oct-2012 y ponente A. Julio Estrada (revisión del proyecto de ley estatutaria 169/11 Senado, 014/11 Cámara); el índice no tiene C-682/12 y sí C-862/12 del 2012-10-25, mismo ponente y mismo proyecto"
co:cc:c-136:2025,co:cc:c-316:2025,"error de NÚMERO, no de año: la fuente cita C-136-25 con fecha 24-jul-2025 y ponente J. F. Reyes Cuartas (Ley 136/1994 art. 119 y Ley 2086/2021 art. 2); el índice no tiene C-136/25 y sí C-316/25 del 2025-07-24, mismo ponente, cuya resolutiva declara inexequible esa misma expresión"
co:ley:633:2001,co:ley:633:2000,"la fuente escribe «Ley 633 de 2001<sic, 2000>» (nota de senado): el propio editor marca el año como errado"
co:ley:25:1892,co:ley:25:1992,"error de año en la fuente; la arista modifica el art. 147 del Código Civil con fecha 1992-12-18, y el texto cargado del art. 4 de la Ley 25 de 1992 es esa modificación"
co:ley:1474:2021,co:ley:1474:2011,error de año en la fuente; el texto cargado del art. 94 de la Ley 1474 de 2011 es la subrogación del art. 2 de la Ley 1150 de 2007
