origen,tipo,destino,alcance,destino_cargado,mapeo_del_destino,extracto_resolutiva_literal
co:ce:11001-03-15-000-2015-02578-00:2016,declara_nulo_parcial,co:decreto:1067:2015:art:2.2.6.1.7,PARCIAL,sí,artículo del DUR que co:decreto:1814:2015 adicionó/modificó/subrogó (relaciones.csv),"PRIMERO: Declarar la nulidad de la expresión “Contra la decisión que niegue el otorgamiento de los permisos en mención no procede recurso alguno”, contenida en el artículo 2.2.6.1.7 del Decreto reglamentario 1814 de 14 de septiembre de 2015 expedido por el Gobierno Nacional."
co:ce:11001-03-15-000-2015-02578-00:2016,declara_nulo_parcial,co:decreto:1067:2015:art:2.2.6.1.9,PARCIAL,sí,artículo del DUR que co:decreto:1814:2015 adicionó/modificó/subrogó (relaciones.csv),SEGUNDO: Declarar la nulidad de la expresión “No se dará trámite a aquellas solicitudes de nacionalidad colombiana por adopción presentadas con posterioridad al momento de la entrega de la cédula de extranjería” contentiva del inciso segundo del artículo 2.2.6.1.9 del Decreto reglamentario 1814 de 1
co:ce:11001-03-26-000-2009-00024-00:2017,declara_nulo_parcial,co:decreto:2474:2008:art:7,PARCIAL,no,decreto no cargado,"TERCERO.- DECLÁRASE la nulidad de la expresión demandada del artículo 7 del Decreto 2474 de 2008: “En ningún caso podrán expedirse y publicarse el mismo día en que se tiene previsto el cierre del proceso de selección, ni siquiera para la adición del término previsto para ello.”, de acuerdo con lo se"
co:ce:11001-03-26-000-2009-00024-00:2017,declara_nulo,co:decreto:2474:2008:art:44,TOTAL,no,decreto no cargado,"QUINTO.- DECLÁRESE la nulidad de la integridad del artículo 44 del Decreto 2474 de 2008, de acuerdo con lo señalado en la parte considerativa de la presente providencia."
co:ce:11001-03-26-000-2009-00024-00:2017,declara_nulo,co:decreto:2474:2008:art:48,TOTAL,no,decreto no cargado,"SEXTO.- DECLÁRESE la nulidad de la totalidad del artículo 48 del Decreto 2474 de 2008, de acuerdo con lo señalado en la parte considerativa de la presente providencia."
co:ce:11001-03-26-000-2009-00024-00:2017,declara_nulo_parcial,co:decreto:2474:2008:art:88,PARCIAL,no,decreto no cargado,"SÉPTIMO.- DECLÁRESE la nulidad de la expresión del parágrafo del artículo 88 del Decreto 2474 de 2008: “A criterio de la entidad, (…) podrá coincidir con aquella de que trata el numeral 4 del artículo 30 de la Ley 80 de 1993, o…” de acuerdo con lo señalado en la parte considerativa de la presente pr"
co:ce:11001-03-26-000-2009-00073-00:2015,declara_nulo_parcial,co:decreto:2025:2009:art:9,PARCIAL,no,decreto no cargado,"SEGUNDO: DECLÁRASE la nulidad del parágrafo 1º del artículo 9 del Decreto 2025 de 2009, por las razones expuestas en la parte motiva de la presente providencia."
co:ce:11001-03-26-000-2010-00027-00:2015,declara_nulo,co:decreto:4994:2009,TOTAL,no,decreto no cargado,PRIMERO: Declarar la nulidad del Decreto 4994 expedido el 24 de diciembre de 2009
co:ce:11001-03-26-000-2013-00114-00:2020,declara_nulo_parcial,co:decreto:935:2013:art:2,PARCIAL,no,decreto no cargado,"PRIMERO: DECLARAR la nulidad de los apartes: (i) “en el término fijado para remitirlos” del artículo 2º del Decreto 935 de 2013; (ii) “dentro de los tres (3) días hábiles siguientes a su radicación vía web”; “dentro del término establecido anteriormente, sin embargo dichos documentos deberán ser rec"
co:ce:11001-03-26-000-2013-00114-00:2020,declara_nulo_parcial,co:decreto:1073:2015:art:2.2.5.1.3.4.1.2,PARCIAL,sí,artículo cargado con esa numeración,SEGUNDO: DECLARAR que los efectos de la declaratoria de nulidad parcial del artículo 2º del Decreto 935 de 9 de mayo de 2013 también se predican para el mismo aparte recogido en el artículo 2.2.5.1.3.4.1.2 del Decreto 1073 de 2015 por cuando este no es más que una transcripción de aquel.
co:ce:11001-03-26-000-2015-00158-00:2022,declara_nulo_parcial,co:decreto:1075:2015:art:2.3.1.3.2.17,PARCIAL,sí,artículo del DUR que co:decreto:1851:2015 adicionó/modificó/subrogó (relaciones.csv),"PRIMERO: DECLARAR la nulidad del numeral 2 del artículo 2.3.1.3.2.17 del Decreto 1851 de 2015, expedido por el Ministerio de Educación Nacional, en los términos establecidos en la presente Sentencia."
co:ce:11001-03-26-000-2021-00207-00:2023,declara_nulo_parcial,co:decreto:1073:2015:art:2.2.3.5.2.2.1.1,PARCIAL,sí,artículo cargado con esa numeración,"PRIMERO: DECLARAR la nulidad de los artículos 2.2.3.5.2.2.1.1. (literal f) y 2.2.3.5.2.2.1.4. (literal a) del Decreto 1073 de 2015, con fundamento en los cargos analizados en la parte considerativa de esta providencia."
co:ce:11001-03-26-000-2021-00207-00:2023,declara_nulo_parcial,co:decreto:1073:2015:art:2.2.3.5.2.2.1.4,PARCIAL,sí,artículo cargado con esa numeración,"PRIMERO: DECLARAR la nulidad de los artículos 2.2.3.5.2.2.1.1. (literal f) y 2.2.3.5.2.2.1.4. (literal a) del Decreto 1073 de 2015, con fundamento en los cargos analizados en la parte considerativa de esta providencia."
