articulo,estado_hoy,alcance_segun_la_nota,nota_de_la_fuente_literal,fuente_del_documento
co:decreto:1082:2015:art:2.2.1.2.5.1,VIGENTE,TOTAL (nota literal),"Artículo declarado NULO por el Consejo de Estado, Sección Tercera, Expediente No. 11001-03-26-000-2014-00029-00(50199) de 03/04/2020, Consejero Ponente Dr. Alberto Montaña Plata.",https://www.funcionpublica.gov.co/eva/gestornormativo/norma.php?i=77653
co:decreto:1082:2015:art:2.2.1.2.5.3,VIGENTE,TOTAL (nota literal),"Artículo declarado NULO por el Consejo de Estado, Sección Tercera, Expediente No. 11001-03-26-000-2014-00029-00(50199) de 03/04/2020, Consejero Ponente Dr. Alberto Montaña Plata.",https://www.funcionpublica.gov.co/eva/gestornormativo/norma.php?i=77653
co:decreto:1083:2015:art:2.2.34.1.6,VIGENTE_REFORMADO,PARCIAL o sin determinar,"iento.  (Adicionado Decreto 1817 de 2015, art. 1; Parágrafo adicionado por el Decreto 1647 de 2018, art. 1)  (Declarado nulo parcialmente mediante Sentencia 2015-00542 de 2020 Consejo de Estado)",https://www.funcionpublica.gov.co/eva/gestornormativo/norma.php?i=62866
co:decreto:1083:2015:art:2.2.34.1.7,VIGENTE,PARCIAL o sin determinar,"a través del encargo, mientras se efectúa la nueva convocatoria.  (Adicionado Decreto 1817 de 2015, art. 1)  (Declarado nulo parcialmente mediante Sentencia 2015-00542 de 2020 Consejo de Estado)  CAPÍTULO 2  RÉGIMEN DE TRANSICIÓN",https://www.funcionpublica.gov.co/eva/gestornormativo/norma.php?i=62866
co:decreto:1474:1997:art:8,VIGENTE,TOTAL (nota literal),"NOTA: El artículo 8° fue declarado NULO por el Consejo de Estado, mediante Sentencia de agosto 4 de 2010 (Rad. 11001-03-25-000-2003-00268-01(2523-03).",https://www.funcionpublica.gov.co/eva/gestornormativo/norma.php?i=31645
co:decreto:1625:2016:art:1.2.1.17.7,VIGENTE,PARCIAL o sin determinar,"dispuesto en los artículos 69, 70 y 73 del Estatuto Tributario.  (Artículo 7, Decreto 326 de 1995. Numeral 2 declarado NULO por el Consejo de Estado, Sección Cuarta, marzo 18 de 2004. Exp. 13551. Numeral 3 Suspendido provisionalmente mediante auto del 1",https://www.funcionpublica.gov.co/eva/gestornormativo/norma.php?i=83233
co:decreto:1625:2016:art:1.2.1.18.12,VIGENTE,PARCIAL o sin determinar,"xigencias legales.  (Artículo 14, Decreto 2595 de 1979, modificado por el artículo 3 del Decreto 727 de 1980. Anulado aparte del inciso 1 por el Consejo de Estado mediante sentencia del 3 de agosto de 1984, Expediente número 6990. Consejero Ponent",https://www.funcionpublica.gov.co/eva/gestornormativo/norma.php?i=83233
co:decreto:1625:2016:art:1.2.1.18.35,VIGENTE,PARCIAL o sin determinar,"tasa máxima de colocación permitida por las normas pertinentes.  (Artículo 6, Decreto 1354 de 1987. Inciso 2 declarado nulo por el Consejo de Estado, expediente 1960 de 1990. Inciso 3 tiene decaimiento por evolución normativa (Artículo 27 de la Ley 223",https://www.funcionpublica.gov.co/eva/gestornormativo/norma.php?i=83233
co:decreto:1625:2016:art:1.2.1.24.6,VIGENTE,PARCIAL o sin determinar,"s expresiones ""la capitalización de"" y ""antes de realizar la emisión o emisiones de acciones"", del parágrafo, declaradas nulas por sentencia 2010-00002 del 9 de diciembre de 2013 del Consejo de Estado- Sección Cuarta. Exp. 18068 y 18254)",https://www.funcionpublica.gov.co/eva/gestornormativo/norma.php?i=83233
co:decreto:1625:2016:art:1.2.1.24.7,VIGENTE,PARCIAL o sin determinar,"La expresión ""en la adquisición de acciones emitidas por las sociedades mencionadas en el artículo anterior"", declarada nula por sentencia 2010-00002 del 9 de diciembre de 2013 del Consejo de Estado - Sección Cuarta. Exp. 18068 y 18254)",https://www.funcionpublica.gov.co/eva/gestornormativo/norma.php?i=83233
co:decreto:1625:2016:art:1.2.1.24.8,VIGENTE,PARCIAL o sin determinar,"cial mencionado.  (Artículo 3, Decreto 667 de 2007. La expresión ""provenientes de la colocación de acciones"", declarada nula por Sentencia 2010-00002 del 9 de diciembre de 2013 del Consejo de Estado - Sección Cuarta. Exp. 18068 y 18254)",https://www.funcionpublica.gov.co/eva/gestornormativo/norma.php?i=83233
co:decreto:1625:2016:art:1.2.1.24.9,VIGENTE,PARCIAL o sin determinar,"ario"" incluida en el ítem 2 del numeral 2, y emisora ... ) contenida en el segundo ítem del numeral 2, fueron declaradas nulas por Sentencia 2010-00002 del 9 de diciembre de 2013 del Consejo de Estado - Sección Cuarta. Exp. 18068 y 18254)",https://www.funcionpublica.gov.co/eva/gestornormativo/norma.php?i=83233
co:decreto:1625:2016:art:1.3.1.13.12,VIGENTE,PARCIAL o sin determinar,"1993, y autorizados por la Superintendencia Nacional de Salud.  (Artículo 21, Decreto 0380 de 1996, parágrafo declarado nulo mediante Sentencia del 18 de octubre de 1996; Consejo de Estado- Sección Cuarta; Expediente número 7757)",https://www.funcionpublica.gov.co/eva/gestornormativo/norma.php?i=83233
co:decreto:1625:2016:art:1.3.1.14.18,VIGENTE,PARCIAL o sin determinar,"ículo 1, Decreto 695 de 1983. El artículo 1 del Decreto 3000 de 2005, adicionó el parágrafo. El numeral 4 fue declarado nulo por el Consejo de Estado, Sección IV, sentencia del 17 de febrero de 1995, exp. 5806, con excepción de la expresión ""material bli",https://www.funcionpublica.gov.co/eva/gestornormativo/norma.php?i=83233
co:decreto:1625:2016:art:1.3.2.1.7,VIGENTE,PARCIAL o sin determinar,"n la venta de bienes o prestación de servicios.  (Artículo 16, Decreto 406 de 2001. Aparte final del inciso 2 declarado nulo mediante Sentencia del Consejo de Estado, del 12 de septiembre de 2002. Expediente No: 11001- 03-27-000-2001-0257-01 (12292); inc",https://www.funcionpublica.gov.co/eva/gestornormativo/norma.php?i=83233
co:decreto:1625:2016:art:1.4.2.2.11,VIGENTE,PARCIAL o sin determinar,"n la Circular No. 000063 del 23 de diciembre de 2010, expedida por la Superintendencia Nacional de Salud, fue declarada nula por el Consejo de Estado, Sección Cuarta, Expediente No. 18841 de 23 de enero de 2014. Los Decretos 2347 de 1995 y 2656 de 1998,",https://www.funcionpublica.gov.co/eva/gestornormativo/norma.php?i=83233
co:decreto:1625:2016:art:1.6.1.5.2,VIGENTE,PARCIAL o sin determinar,"entos necesarios para soportar la respectiva transacción.  (Artículo 3, Decreto 1242 de 2003. Numerales 1 y 5 anulados por el Consejo de Estado Sección IV, Sentencia de octubre 12 de 2006. Se renumera el artículo)",https://www.funcionpublica.gov.co/eva/gestornormativo/norma.php?i=83233
co:decreto:1625:2016:art:2.1.1.1,VIGENTE,PARCIAL o sin determinar,"pios. Tales ingresos constituirán la base gravable.  (Artículo 1, Decreto 3070 de 1983, el inciso segundo fue declarado nulo por el Consejo de Estado. Expediente 0082 del 25 de septiembre de 1989 con ponencia del Magistrado Juan Rafael Bravo Arteaga).",https://www.funcionpublica.gov.co/eva/gestornormativo/norma.php?i=83233
co:decreto:1625:2016:art:2.2.1.2.15,VIGENTE,PARCIAL o sin determinar,"cado el numeral 1 y adicionados los numerales 8, 9 y 10 por el artículo 31 del Decreto 602 de 2013, numeral 3 declarado nulo por el Consejo de Estado. Sentencia del 26 de noviembre de 1999 Exp. 9552 C.P. Daniel Manrique Guzmán)  CAPÍTULO 3  SISTEMA ÚNICO",https://www.funcionpublica.gov.co/eva/gestornormativo/norma.php?i=83233
co:decreto:1625:2016:art:2.2.1.5.1,VIGENTE,PARCIAL o sin determinar,"ículo 49 de la Ley 788 de 2002; literal c) derogado tácitamente por art. 210 de la ley 1111 de 2006, y aparte declarado nulo por Consejo de Estado Sentencia del 11 de diciembre de 1998. Exp. 8715.)",https://www.funcionpublica.gov.co/eva/gestornormativo/norma.php?i=83233
co:decreto:1625:2016:art:2.2.1.5.2,VIGENTE,PARCIAL o sin determinar,"gado tácitamente por artículo 210 de la ley 1111 de 2006. La expresión ""establezca precios diferenciales"" fue declarada nula por el Consejo de Estado Sentencia del 11 de diciembre de 1998. Exp. 8715)",https://www.funcionpublica.gov.co/eva/gestornormativo/norma.php?i=83233
co:decreto:1625:2016:art:2.2.2.6,VIGENTE,PARCIAL o sin determinar,"Decreto 0650 de 1996, adicionado el literal n) por el artículo 2 del Decreto 2785 de 2008, el literal f) fue anulado por Sentencia del cinco (5) de febrero de 1999. Expediente AI-017).",https://www.funcionpublica.gov.co/eva/gestornormativo/norma.php?i=83233
co:decreto:1625:2016:art:2.2.2.8,VIGENTE,PARCIAL o sin determinar,"to para las sociedades de responsabilidad limitada.  (Artículo 8, Decreto 0650 de 1996, aparte del literal b) anulado en Sentencia 8705 de 04 de septiembre de 1998, antiguo literal h) anulado por el Consejo de Estado en Sentencia AI-017 del cinco",https://www.funcionpublica.gov.co/eva/gestornormativo/norma.php?i=83233
co:decreto:1625:2016:art:2.2.2.15,VIGENTE,PARCIAL o sin determinar,"Departamento, la solicitud de devolución se elevará ante este.  (Artículo 15, Decreto 0650 de 1996, inciso 6 anulado por la Sentencia 9203 del 19 de marzo de 1999 del Consejo de Estado, incisos 4,5 y 7 suspendidos provisionalmente por el Consejo",https://www.funcionpublica.gov.co/eva/gestornormativo/norma.php?i=83233
